proposed_acc,proposed_f1,proposed_kappa,proposed_js,proposed_maxdiff,knn_acc,knn_f1,true_effect,imp_effect,bias,bias_pct
0.999344154779472,0.9992373731723777,0.998992054808817,0.00011510417453884842,0.00014715981555968316,0.9573700606656829,0.9508919133768908,0.23821907304962683,0.23823776139177272,1.8688342145883885e-05,0.007845023451161968
0.9988377884775029,0.9986273020100249,0.9982068237668984,0.00010738737326909305,0.00014715981555968316,0.9573302341026066,0.949973922162647,0.23805588823252072,0.23806297285207673,7.084619556008143e-06,0.002976032060626138
0.9995074700377606,0.999420522477906,0.9992406298006072,7.273642941651269e-05,9.810654370645544e-05,0.9584633065178132,0.9510824195934794,0.23652382324760984,0.23653256051800256,8.737270392716878e-06,0.0036940339762604325
0.9989956478071644,0.9988187302085786,0.9984536245256772,0.0002780211212974692,0.0002943196311193941,0.962838968865082,0.9565800078407719,0.23858762428091557,0.238647719387754,6.0095106838436996e-05,0.025187855832656425
0.9983333333333333,0.9980784118159115,0.9974428790318126,0.00031979957319034947,0.00039242617482587727,0.958,0.9519730512298913,0.23825767902474723,0.2383156668169689,5.798779222165873e-05,0.024338267903480953
0.9987019308778192,0.9984723543567505,0.998002903453684,0.0002758925120342488,0.00029431963111942183,0.9576504948888528,0.9511614922058561,0.23833947530054356,0.23839997101620172,6.049571565816536e-05,0.025382163647830854
0.9988545246277205,0.9986528046519755,0.9982357617368943,0.00025113800634443434,0.00029431963111942183,0.9577810505645558,0.950745043782011,0.23895233040896224,0.2390008419291268,4.85115201645514e-05,0.020301756455576258
0.998868595442056,0.9986655409375951,0.9982560327820253,0.00032564621857950304,0.00034337290297264955,0.9621787619201552,0.9558231860548995,0.23625586494551656,0.23632615726829512,7.029232277855346e-05,0.029752625525196467
0.9991935483870967,0.9990613206481286,0.9987585206034919,0.00010795022410218456,0.00014715981555968316,0.9609677419354838,0.9548765174236933,0.23699916858876802,0.23700800702382896,8.838435060942729e-06,0.003729310576729848
0.9988517060367454,0.9986344392616967,0.998229378254589,0.00013957606381233877,0.00014715981555968316,0.9573490813648294,0.9499025152831141,0.23861942296612082,0.23864979530901315,3.0372342892326376e-05,0.012728361553635405
0.9986863711001642,0.9984373073403724,0.9979754670824328,0.00027829476966789474,0.0002943196311193941,0.9589490968801314,0.9520594141850816,0.23691335761156782,0.23697441901841623,6.106140684841721e-05,0.025773729039175016
0.9990087559887659,0.9988151113197555,0.9984683272313983,0.00020492800345332953,0.0002452663592661386,0.956220056170494,0.948538239612493,0.23823299969724201,0.23827196379285834,3.896409561632286e-05,0.016355456912283482
0.998518030627367,0.9983033142330179,0.997727204777074,0.0001832738118349271,0.0002452663592661386,0.9575168779845217,0.9515228256149055,0.2383211828264444,0.23832799828142487,6.81545498046332e-06,0.002859777255061135
0.9991867273910214,0.9990606813046501,0.998750693235203,0.0001077173618011959,0.00014715981555968316,0.9598243331164606,0.9537603458788467,0.2368583904800405,0.23686611978912228,7.729309081772051e-06,0.003263261675512982
0.9976658886295432,0.9971963846027069,0.9963876405961365,0.0002599048201038065,0.00034337290297264955,0.9573191063687896,0.9495340079579373,0.23933950261225093,0.2393754905212937,3.5987909042772825e-05,0.015036343207028431
0.998876404494382,0.9986702677906348,0.9982679256489311,0.0001386537052839091,0.00014715981555973867,0.9552166934189406,0.9475985889335968,0.2378339247161042,0.23786341491868732,2.949020258311008e-05,0.012399493730052061
0.998703823720026,0.9984497842149432,0.9979952336452544,9.244756624054666e-05,9.810654370645544e-05,0.9585223590408296,0.9507568524705041,0.23766913602596212,0.23768870701514344,1.9570989181316722e-05,0.008234552247111655
0.9991697110594487,0.9990019200054244,0.9987168911247815,0.0002308498832551906,0.0002452663592661941,0.9618067087346397,0.9547597742755428,0.23930819593495792,0.23935859762301528,5.0401688057366556e-05,0.0210614132376249
0.9983388704318937,0.9980311527534366,0.9974373264554921,0.00032034176738129726,0.00039242617482587727,0.9624584717607974,0.9564682998634946,0.2378547696225838,0.23791300626399955,5.823664141574314e-05,0.024484117559698367
0.9987052921184658,0.9984849612864801,0.9980068659741556,0.00014484216353648455,0.0001962130874129664,0.9554944165722609,0.948426839998517,0.2383542834072526,0.23837053122003107,1.624781277848042e-05,0.006816664901599177
0.9990194476221604,0.9988557706353164,0.9984910569415778,9.086613144603054e-05,9.810654370645544e-05,0.9606144794901128,0.9544108834665456,0.23955979022029397,0.23953709339523985,-2.2696825054124847e-05,0.009474388432738791
0.9983868365865463,0.9980844787368097,0.9975102825851355,0.0003208020969313053,0.00039242617482582176,0.9609614453944184,0.9542034446543806,0.2361317685995347,0.23619092429046085,5.91556909261548e-05,0.025051983168973464
0.9986874487284659,0.9984445062692021,0.997978713314227,0.00037173057274058626,0.00039242617482587727,0.9581624282198523,0.9510506569668399,0.23823175393856166,0.23831292687184502,8.117293328335773e-05,0.03407309560600879
0.999512432959532,0.9994151069059399,0.9992452829262956,0.00013863070165443886,0.00014715981555968316,0.9605070697220868,0.9531629285299781,0.23844948204142516,0.23848039276101568,3.091071959052116e-05,0.01296321523783018
0.998351195383347,0.9980397810965845,0.9974475669652796,0.00022682239951897547,0.00029431963111942183,0.9633965375103051,0.9565578299702321,0.2369736066312149,0.23692649131953142,-4.711531168347105e-05,0.019882092505260827
0.9985346792575708,0.9982639711567728,0.9977390270846788,0.00018781491115922878,0.0002452663592661941,0.9633669814392706,0.9569772143477425,0.23768926155551007,0.23771620818593756,2.6946630427487905e-05,0.011336915370572926
0.9991805965257292,0.9990139851543706,0.9987318115126907,0.00016061205486242144,0.00019621308741291088,0.9660766961651918,0.9603139422047701,0.23633865104180035,0.236367634190724,2.8983148923661384e-05,0.012263397796298347
0.9987244897959183,0.9984918051763683,0.9980326510294,7.903824023986921e-05,9.810654370645544e-05,0.9628507653061225,0.9565430886846542,0.23837134776451718,0.2383685455000479,-2.8022644692760057e-06,0.001175587794236207
0.9985265225933202,0.9982627298124257,0.9977291030448617,0.00027593839824255193,0.00034337290297264955,0.9580877537655533,0.9510573596336379,0.23858483683813422,0.23863383336956323,4.8996531429007506e-05,0.020536314075252304
0.9983644095518482,0.9980903604617414,0.997485190842508,0.00031875613904003774,0.00039242617482582176,0.9622178606476938,0.9565215874471428,0.23851585108429546,0.23857395368487652,5.8102600581061425e-05,0.024360058384768315
0.9986979166666666,0.9984755840042056,0.9979949369220177,0.00022989094341667465,0.0002943196311193663,0.9573567708333334,0.9504120545436656,0.2375844366470728,0.23762144058226864,3.7003935195845106e-05,0.015575067002732068
0.9995073891625615,0.9994160828633323,0.9992393340329906,7.297729946456228e-05,9.810654370651095e-05,0.961576354679803,0.9549081293145555,0.23944987176023882,0.2394588357706353,8.964010396461664e-06,0.0037435853820115333
0.9988673139158576,0.9986846387619162,0.9982591794481768,0.00018725073440813245,0.0002452663592661386,0.9587378640776699,0.9521696343810394,0.23814744071224048,0.238175808707559,2.836799531852341e-05,0.011911946327737854
0.9983451927850405,0.9979771959131606,0.9974278262211643,0.00026111758093972596,0.00034337290297264955,0.9630977991064041,0.9552559942269898,0.23825921580154857,0.23829645018432372,3.7234382775142016e-05,0.01562767788430705
0.9993553585817889,0.9992391267406671,0.999006087971466,0.00011578031880210782,0.00014715981555973867,0.9651893634165996,0.9592077026035546,0.23575978867160866,0.23577919192177235,1.9403250163696484e-05,0.008230093127001991
0.9985106735065364,0.9982704160285188,0.9977076673337094,0.00018158687008070163,0.0002452663592661941,0.9561476088035744,0.9490537211261832,0.23824179855243915,0.23822668207482312,-1.5116477616039514e-05,0.006345014899940929
0.9989949748743718,0.9988141616788049,0.9984496478337399,7.880729180865426e-05,9.810654370645544e-05,0.9629815745393635,0.9565626096817689,0.23827942721953632,0.23827715983583778,-2.2673836985454e-06,0.0009515650280862767
0.9995172968624296,0.9994353006889795,0.999255070524585,7.163790404945424e-05,9.810654370645544e-05,0.9668543845534996,0.960996851021792,0.23858882141087162,0.23857672227807927,-1.2099132792348088e-05,0.005071123081459161
0.9993434011818779,0.9992075329896383,0.9989826537198832,3.9332024750551606e-05,4.905327185322772e-05,0.9645436638214051,0.9575828940738255,0.23812484029359426,0.23812364940547995,-1.1908881143163352e-06,0.0005001108296169515
0.9987050825509873,0.9984890070287339,0.9980081458709127,0.00014540320588075513,0.00019621308741291088,0.9608287471673681,0.9545287535648891,0.23755686205256207,0.2375741186516666,1.725659910453703e-05,0.00726419727699502
0.9983558040118382,0.998026216650104,0.9974584434399404,0.0002986508507586058,0.00034337290297264955,0.9615258138770142,0.9541564774028067,0.23838133929950747,0.23843996147341087,5.8622173903399855e-05,0.024591762960835487
0.9986635482793184,0.9984239000744813,0.9979398628198498,0.00023133459959012064,0.0002943196311193663,0.9652522552622786,0.959401999649856,0.24026020883381188,0.24030009869593325,3.98898621213617e-05,0.016602775097458413
0.9986813911323553,0.998433227506311,0.9979640205141629,0.0001457515608126229,0.00019621308741291088,0.963573430031317,0.9571072373787165,0.23832470122525726,0.2383424374152311,1.773618997383264e-05,0.007442027571061101
0.9990387696251202,0.9988752707874107,0.9985168687762306,0.00014301436402673883,0.00019621308741291088,0.9596283242550464,0.9529523270729227,0.23887146975149118,0.2388471647139018,-2.4305037589378298e-05,0.010174943711220068
0.9990155865463495,0.9988471908249492,0.9984826028361261,0.0001135821523013133,0.00014715981555968316,0.9607875307629204,0.954180762512404,0.23752905114935582,0.23750608368721268,-2.2967462143141937e-05,0.009669327617824833
0.9987146529562982,0.9984972221923339,0.9980235125475118,0.0003687033748814263,0.00039242617482587727,0.956780205655527,0.949634427826913,0.23579039097623083,0.23586890046845788,7.850949222704129e-05,0.0332963069029202
0.9985511912427559,0.9982728052396123,0.9977631358156812,0.00034372396219220844,0.00039242617482587727,0.957662588538313,0.9503048720503703,0.23859243762844326,0.23866177116628484,6.933353784158158e-05,0.029059402942834992
0.9990157480314961,0.9988211345707084,0.9984762354216273,0.00014653301256357896,0.00019621308741291088,0.9545603674540682,0.9463263339186714,0.23769757447906706,0.2377165367021542,1.896222308714335e-05,0.007977457543982328
0.9990235964198535,0.9988137123885489,0.9984874158909699,0.00018543848695837785,0.0001962130874129664,0.9601301871440195,0.9523716790042536,0.23655788680100312,0.23659814672301063,4.025992200751283e-05,0.017019057175371295
0.9985155863433943,0.9982521015922879,0.9977110951294234,0.00013720778126908404,0.00014715981555968316,0.9590961570179779,0.9521854689259387,0.23813174187761454,0.23809826787346075,-3.347400415379398e-05,0.014056926594438473
0.9985243482538121,0.9982861608407053,0.9977314673266575,0.00021913780364558338,0.00029431963111942183,0.9655681259222824,0.9603079635209394,0.23893203244408473,0.2389589820888295,2.6949644744783674e-05,0.011279209601621949
0.9988412514484357,0.9986314986226509,0.9982121791243723,0.00018728685120832864,0.0002452663592661386,0.9610991557689125,0.9545203831285525,0.2372775954588014,0.23730426255452378,2.666709572238246e-05,0.0112387752711413
0.9993633614515359,0.9992449539155263,0.9990173529556202,0.00011570117482272487,0.00014715981555968316,0.9605284099952253,0.9534466600942347,0.23671371053520338,0.2367330474138835,1.9336878680137337e-05,0.008168888331992755
0.9983710702068741,0.9980579123465931,0.9974840825909417,0.0003193564310675717,0.00039242617482587727,0.9626975077374165,0.9561096580197418,0.23657223905070926,0.23662918469783115,5.6945647121886545e-05,0.024071145181865674
0.9991854024112089,0.9990558140055915,0.9987492887063459,0.00016000210314606335,0.00019621308741291088,0.9589442815249267,0.9525671515130619,0.23902919605048797,0.23905775006035068,2.8554009862707952e-05,0.011945825168853744
0.9992015330565315,0.99905252265432,0.9987680391665177,0.0001604534164706807,0.00019621308741291088,0.9616735867135101,0.954919847388782,0.238389522218974,0.23841839026247114,2.8868043497137785e-05,0.012109610870657681
0.9990330378726833,0.9988411455327014,0.9985074538308926,0.0002772261531287788,0.0002943196311193941,0.9645447219983884,0.9585656302318202,0.23762578394873307,0.23768617744582587,6.039349709280328e-05,0.025415380473119434
0.9983585029546946,0.9980803873121089,0.9974723564923345,0.00025911808152787903,0.00034337290297264955,0.9601116217990807,0.9535269192962188,0.23789240442135443,0.23792792212770758,3.551770635315532e-05,0.014930155689311733
0.9988274706867671,0.9986118407429322,0.9981929004207701,0.0002505012741769782,0.0002943196311193663,0.9603015075376884,0.9537513768081861,0.23723874978397508,0.2372865728688283,4.7823084853210185e-05,0.020158209776757356
0.9990128331688055,0.99885823215498,0.9984837340688756,0.00014540219355464433,0.00019621308741291088,0.9578808818690359,0.9514863928053097,0.23873405144834467,0.23875180668861234,1.7755240267675054e-05,0.007437246660021094
0.9991871240448708,0.9990520844985026,0.9987487813280664,7.167293044281064e-05,9.810654370651095e-05,0.9616322549178995,0.9553206869083457,0.23690339625462484,0.23689102195173736,-1.2374302887474542e-05,0.005223353942201228
0.9988560222258539,0.9986603611133745,0.9982408767221044,0.0002530625749328521,0.00029431963111942183,0.9604510540938062,0.9543495952203115,0.23780327086406552,0.23785297468705743,4.97038229919089e-05,0.020901236055882882
0.9995029821073559,0.999414792453825,0.999233162868618,7.186873771888692e-05,9.810654370651095e-05,0.9585818422796554,0.9512536453958353,0.23951932378397106,0.23950644068902568,-1.2883094945376206e-05,0.005378728839847518
0.9993456567969901,0.9992453393857615,0.9989959197433871,8.250823550533866e-05,9.810654370645544e-05,0.9566497628005889,0.9503055250576579,0.23866866070378803,0.23864714904905796,-2.1511654730077545e-05,0.009013187850739937
0.9990107172300082,0.9988353466323496,0.998476619245109,0.00011601905504974307,0.00014715981555968316,0.9579554822753503,0.9513284920120805,0.2388896380524323,0.23890911080075172,1.9472748319426803e-05,0.008151357454504937
0.9996694214876033,0.9996086489783896,0.9994890945975131,3.9456181235158076e-05,4.905327185322772e-05,0.9596694214876033,0.9524909740906087,0.23915143023032345,0.2391503384957697,-1.0917345537597711e-06,0.00045650346004970013
0.9983622666229938,0.9980622380007409,0.9974688933165062,0.00019702082084733903,0.0002452663592661941,0.9587291188994431,0.9509174492527542,0.23727910882469627,0.23727386194626443,-5.246878431841573e-06,0.0022112686017031567
0.9985315712187959,0.9982535596231102,0.9977347882660874,0.000252205916829439,0.00029431963111942183,0.9614945341817589,0.9548301114633642,0.23887699132629306,0.23892649625122467,4.9504924931609295e-05,0.020724023965953357
0.9993482157405899,0.9992216922808996,0.998992360650493,0.00011602834825828582,0.00014715981555968316,0.9604041062408343,0.9531069073068054,0.23932693529796356,0.2393458899386708,1.8954640707252723e-05,0.007919978034922845
0.999167776298269,0.999012159668118,0.9987158934306108,0.00016073876335466006,0.00019621308741291088,0.9572237017310253,0.9498739785733976,0.23730156883361916,0.23733105659229584,2.948775867667175e-05,0.012426280543196364
0.9995174521473379,0.9994365313885051,0.9992583730069247,4.606783025711155e-05,4.905327185322772e-05,0.9681518417243044,0.9630785765331552,0.23800061606491973,0.23801062618420105,1.0010119281311791e-05,0.004205921584077462
0.9990273950397147,0.9988664508008714,0.998503674837797,0.00014548526103260378,0.00019621308741291088,0.9628789106824445,0.9570822996637197,0.23703711646071118,0.2370546926301004,1.7576169389216245e-05,0.0074149439765605184
0.9990390775144138,0.9988684027966493,0.9985182318706081,0.00014606168420938523,0.00019621308741291088,0.9617232543241512,0.9553001355919157,0.23797256674419115,0.23799073710605448,1.8170361863328877e-05,0.0076354859351755126
0.9988755020080321,0.9986938855750148,0.9982707602523678,0.0002503996133502134,0.00029431963111942183,0.9598393574297188,0.9536321718535778,0.23565289588618568,0.23570112581788583,4.8229931700144446e-05,0.020466513478976413
0.9990250243743907,0.998823675768628,0.9984926208475223,9.287378355984528e-05,9.81065437064832e-05,0.9588885277868053,0.9514054154744036,0.2380481578368118,0.23806813704087065,1.9979204058856448e-05,0.008392925297305896
0.9993377483443708,0.9992174018015767,0.9989774439196132,7.891831730095769e-05,9.810654370651095e-05,0.9619205298013245,0.9551196598774228,0.23799853636352628,0.2379963749022911,-2.161461235161699e-06,0.0009081825746441637
0.999182472204055,0.9990304300265285,0.9987380138136728,7.29018714928529e-05,9.810654370645544e-05,0.9573250490516677,0.9495247043604613,0.23919243972834675,0.23920142261427013,8.982885923380923e-06,0.0037555057900587815
0.999348109517601,0.9992283578799827,0.9989930833556646,7.88239384516455e-05,9.810654370651095e-05,0.9615384615384616,0.9542677041610461,0.23864168925398074,0.23863959765068735,-2.091603293397082e-06,0.0008764618202023526
0.9985289310232102,0.9982879883248744,0.997732761968377,0.00018432255449768285,0.0002452663592661386,0.9594638770840144,0.9527958405025712,0.2386060243770559,0.23857003116901881,-3.599320803707173e-05,0.015084785948318582
0.9988429752066116,0.998648518228248,0.9982195311754416,0.0001875058880357811,0.0002452663592661386,0.9636363636363636,0.9579539055517352,0.2393756068967134,0.23940377508503277,2.8168188319382947e-05,0.011767359542000892
0.9991736902991241,0.9990438029732408,0.9987301550793125,0.00010783693584111958,0.00014715981555968316,0.9565361097339283,0.9499722154821534,0.23739665705779117,0.23740445407320415,7.79701541298028e-06,0.003284382985680458
0.9988744171088599,0.9986472699398611,0.9982619752254516,0.00032356123362901174,0.00034337290297264955,0.9572278501366779,0.9502344413091831,0.2383324591187478,0.23840332202653744,7.086290778962612e-05,0.029732797643949566
0.9990299110751819,0.998856865136128,0.9985058410502355,0.00011533527140928953,0.00014715981555968316,0.9621665319320938,0.9560703370491224,0.23941756823986857,0.2394365602913707,1.8992051502131346e-05,0.007932605631974142
0.998840483683949,0.9986208668844228,0.9982087445261247,0.00010745270742387951,0.00014715981555968316,0.9619016067583237,0.955230481147078,0.2394075691125727,0.23941498588095936,7.416768386669936e-06,0.003097967375953127
0.9991750536215146,0.9990171169278033,0.998727884478394,0.00013904594974687746,0.00014715981555971092,0.9618874773139746,0.955360688596696,0.23849362924585288,0.2385240347066261,3.0405460773208492e-05,0.012748961416434652
0.9993532740501213,0.9992500911488307,0.9990066578018035,0.00011546381612185508,0.00014715981555968316,0.9644300727566694,0.9590897997596458,0.23726423742158545,0.23728380655641992,1.9569134834473978e-05,0.008247823206369848
0.9988601205015469,0.9986802856654252,0.9982477651944217,0.00014496765689892975,0.00019621308741291088,0.9614069369809477,0.9554851270281964,0.2372062111576982,0.23721281223571622,6.601078018031448e-06,0.002782843664090631
0.9983665468801045,0.9980618632713157,0.9974777488170716,0.0002595074841224397,0.00034337290297264955,0.957203528258739,0.9498745131309456,0.23575479919076164,0.23579008402288595,3.528483212431044e-05,0.014966750303886547
0.9988543371522095,0.9986636976467475,0.9982376983557647,0.00010767752722152075,0.00014715981555968316,0.9623567921440261,0.956414277456383,0.237971896489998,0.23797942926919372,7.532779195712491e-06,0.003165407053025312
0.9990115321252059,0.9988350120004066,0.9984742092983495,0.00011344791740365673,0.00014715981555968316,0.9586490939044481,0.9515348258085137,0.23813465820293553,0.23811120503918431,-2.3453163751213646e-05,0.009848698181189207
0.9993456567969901,0.9992137280247366,0.9989856106219992,7.874118665784108e-05,9.810654370651095e-05,0.9577948634058564,0.9492253287950997,0.23819854636137455,0.23819605561981255,-2.4907415620001316e-06,0.001045657750665443
0.9990155865463495,0.998858099716816,0.9984852952487602,0.00011836856339237914,0.00014715981555973867,0.9621000820344545,0.9559368280796239,0.23811947639851178,0.23811649640471072,-2.979993801055514e-06,0.0012514699957042819
0.9995056846267919,0.9994302389084666,0.999241327488134,7.294173250050194e-05,9.810654370645544e-05,0.9616081726808371,0.9561285900779781,0.23696065505511757,0.2369700407103782,9.385655260624182e-06,0.003960849643347356
0.9991785772958764,0.9990132854558956,0.9987290199020825,0.0001607215202806163,0.00019621308741291088,0.95777887300805,0.9498713851231041,0.2392875390603209,0.2393163376202236,2.879855990270408e-05,0.012035127284853885
0.9990398463754201,0.998885288732419,0.9985247457435055,0.00018355405424428945,0.00019621308741293864,0.9585533685389662,0.9522500553600398,0.23836360765619577,0.23840328151571835,3.967385952258207e-05,0.01664426038550555
0.9988560222258539,0.9986554924925343,0.9982361304623518,0.0001064468206627869,0.00014715981555968316,0.9584899493381271,0.9515059975824336,0.238921286884607,0.23890715506195465,-1.4131822652363457e-05,0.005914844523329884
0.99933233183108,0.9992206755361543,0.9989696369234246,0.00016969851914468978,0.00019621308741291088,0.9607744950759473,0.9541561324315592,0.23880204143745007,0.23875856750662966,-4.347393082040907e-05,0.01820500803038415
0.9993384055573933,0.9992188576375974,0.9989798928288499,0.00011581200512370915,0.00014715981555968316,0.958815745947734,0.9518130411274114,0.23827005992476827,0.2382892500957291,1.9190170960831088e-05,0.008053958171198774
0.9991796554552912,0.9990165279687194,0.9987310168342328,0.0001604261988521657,0.0001962130874129664,0.9611156685808039,0.9540013890078815,0.2378212411924247,0.23785024416075976,2.9002968335051227e-05,0.012195280871309765
0.9990079365079365,0.9988417803153565,0.998471451037276,0.0001185164285941646,0.00014715981555968316,0.9623015873015873,0.9558500892491252,0.23713516976934626,0.23713183073062863,-3.339038717631304e-06,0.0014080740199267276
0.9986783413183545,0.9984220930104059,0.9979592400082349,0.0002056021573777847,0.0002452663592661941,0.9615066908970759,0.9550419379817155,0.23779958941289644,0.23783877016929916,3.918075640271801e-05,0.01647637680933403
0.9985502577319587,0.9982903016619201,0.9977624189711884,0.0001845233157057009,0.0002452663592661386,0.958118556701031,0.9507186120870449,0.23713130510988648,0.23709585086699883,-3.545424288764476e-05,0.014951312679367784
0.9991804622193083,0.9990283875229949,0.998735763664849,0.00016000147710776055,0.0001962130874129664,0.9601704638583839,0.954015208824447,0.2393365851483466,0.23936633487065773,2.974972231112316e-05,0.01243007720390243
0.9995133819951338,0.9994200633170159,0.9992476485202636,7.308393769925354e-05,9.810654370645544e-05,0.9587996755879967,0.9513654596526955,0.23925115178544076,0.23926036610149934,9.214316058575589e-06,0.0038513152349790736
0.9995040502562407,0.9994096472395159,0.9992334060091641,4.5727277664464816e-05,4.905327185322772e-05,0.9613159199867747,0.9545808991508539,0.2375462038025314,0.23753499154034163,-1.1212262189780331e-05,0.004720034254515351
0.9979106396657024,0.9975177688239469,0.9967727193400557,0.0003335496902790948,0.000441479446679105,0.9604628736740598,0.9533364502306624,0.23709700519123253,0.23714126855836254,4.426336713000967e-05,0.018668884954623818
0.9981739707835325,0.9978408727265281,0.9971854632899702,0.0001876428018105593,0.0002452663592661941,0.9596613545816733,0.9528167508882609,0.23734231259073657,0.23737038906628233,2.807647554575743e-05,0.011829528093531036
0.9993568097764914,0.999232391531212,0.9990059046291851,3.938956224604919e-05,4.905327185322772e-05,0.9643029425952726,0.9578426781153694,0.2368616000243616,0.23686034989737684,-1.2501269847642327e-06,0.0005277879507001789
0.998840483683949,0.9986131380616733,0.9982084084104709,0.0002516080815003744,0.00029431963111942183,0.9585887029981779,0.9513017988356495,0.23788543543019755,0.2379346288701734,4.919343997583647e-05,0.020679466940409324
0.9991926368480543,0.9990650010984355,0.9987590472528677,7.158407646063837e-05,9.810654370645544e-05,0.9617309865977717,0.9556267569158764,0.23991870224711692,0.2399059578900111,-1.274435710582611e-05,0.005311948166800013
0.998007637390005,0.9976681521953273,0.9969334664557481,0.00034572144105811094,0.0004414794466790495,0.9569981736676075,0.9499776367975734,0.23909823825212603,0.2391529978474234,5.4759595297354524e-05,0.022902550724615223
0.9991891015244891,0.9990548213730629,0.9987535684812845,0.00016060510640554944,0.00019621308741291088,0.9596172559195588,0.9533030570701525,0.23859480800536917,0.23862369444008147,2.888643471229968e-05,0.01210689995888328
0.9991980753809142,0.9990247044464834,0.9987579774797711,4.628769689033191e-05,4.905327185322772e-05,0.9629510825982358,0.9559910297985307,0.23859625251483627,0.23860622017398683,9.967659150567076e-06,0.0041776260295401215
0.999185535103437,0.9990244378452565,0.998741505572615,0.00013903767541219279,0.00014715981555971092,0.9631861866753543,0.9564212239649613,0.23659950451516665,0.23662881659008528,2.9312074918630415e-05,0.012388899536664683
0.9984954864593781,0.9982287546912368,0.9976800618339922,0.000144696843311964,0.00019621308741291088,0.9592109662320294,0.9520943414756564,0.2375878677905141,0.2375937908431178,5.923052603690193e-06,0.002492994553456183
0.9992030602486452,0.999055916721757,0.9987707442780929,7.298708431706398e-05,9.810654370645544e-05,0.9601530124322601,0.9533425233187742,0.23858538424472642,0.23859449707502425,9.11283029783605e-06,0.003819525796470693
0.9981854173540086,0.9979156465556418,0.9972121455166223,0.0002481647844740906,0.00034337290297259404,0.9543055097327615,0.9474722055257542,0.23774561168058403,0.23770754524898374,-3.8066431600286554e-05,0.016011412926279188
0.9991915925626516,0.9990406919529998,0.9987515986500876,0.00016006650479173868,0.0001962130874129664,0.9607113985448666,0.9534167526002504,0.2376986618082595,0.2377259222132935,2.7260405034007507e-05,0.011468472235656595
0.9986908852888234,0.9984554356285162,0.9979812796807178,0.00023015839922460045,0.0002943196311193663,0.960562919325806,0.953777477018765,0.23999987148461469,0.24003638854590587,3.6517061291180264e-05,0.015215450352239545
0.9993430776810642,0.9992396273808981,0.9989913908358441,0.00011524960815763964,0.00014715981555968316,0.9591065856462473,0.9530107131258229,0.2387807262651959,0.2388000082168562,1.9281951660315988e-05,0.008075170874093483
0.9986885245901639,0.9984291356998076,0.997974792306236,0.0003707679660491075,0.00039242617482587727,0.9581967213114754,0.9507223342183933,0.24012220390885944,0.2402039903940066,8.17864851471728e-05,0.03406035919036275
0.9985448666127729,0.9983047303873639,0.9977598019079734,0.0001829762353404885,0.0002452663592661941,0.9594179466451092,0.9530667860347711,0.23778040550036306,0.23778719979111465,6.794290751593879e-06,0.0028573804209377986
0.9986831275720165,0.9984448708700236,0.9979719832405697,0.00011574533844199335,0.00014715981555968316,0.9586831275720165,0.9523223422809942,0.23798767023044376,0.23800681085733347,1.9140626889707635e-05,0.008042696863738253
0.9986800857944234,0.9984747879895486,0.9979738165685542,0.0001456265523341432,0.00019621308741291088,0.9610625309354892,0.9552375292299139,0.23922280222436104,0.2392400705957318,1.7268371370754432e-05,0.007218530679428652
0.9988530231033917,0.998628585249072,0.9982296001522044,0.00023255962493926063,0.00024526635926616636,0.963624446993282,0.9572405500707708,0.23914553352392104,0.2391964320330065,5.0898509085461896e-05,0.021283487228654707
0.9991910694062449,0.999061390106999,0.9987576700957866,0.00015997927418808923,0.0001962130874129664,0.956317747937227,0.9500249117794581,0.23839366821189062,0.23842318649332486,2.9518281434243177e-05,0.012382158324778384
0.9976874793524942,0.9972555711894487,0.9964310945999104,0.0004349683528372867,0.0005395859903855604,0.9588701684836471,0.9514738619843909,0.23666711575264318,0.23674302754020649,7.591178756330419e-05,0.032075342331312616
0.9990275526742302,0.9988541466448755,0.9985020057826947,3.9403244322757184e-05,4.905327185328323e-05,0.960129659643436,0.9535930813226164,0.2380332842089779,0.23803213075526908,-1.153453708824248e-06,0.0004845766476135287
0.9991953653041519,0.9990501300556501,0.9987580801734195,0.00010788274341368296,0.00014715981555968316,0.9631477309301577,0.956856829315579,0.2386844361775569,0.2386932131523966,8.776974839697083e-06,0.0036772296427270636
0.9986855077226421,0.9984415694233046,0.9979713360382186,0.0003713876283397113,0.00039242617482587727,0.9638514623726585,0.9576658907766008,0.23809914154872508,0.2381799090108291,8.076746210403107e-05,0.03392177795294682
0.9980171844018506,0.9976723716756953,0.9969496380299292,0.000297361487062597,0.00034337290297264955,0.9605089226701917,0.9546099655255388,0.23824926616039768,0.2383100229726958,6.0756812298112806e-05,0.025501363877112302
0.9981958340167295,0.9979201608929588,0.9972273255302228,0.00021486205538936924,0.00029431963111942183,0.9591602427423322,0.9532335512214024,0.2364802268218762,0.23644375563555722,-3.6471186318970394e-05,0.015422509868633354
0.9990216859611936,0.9988376736878144,0.998491474110772,0.0001851605874079053,0.0001962130874129664,0.9652698516223708,0.9592971459792731,0.24012469698375272,0.24016483866442398,4.014168067126289e-05,0.01671701460761404
0.9991805965257292,0.9990264118359805,0.9987348359661545,7.2776414405975e-05,9.810654370645544e-05,0.9564077351687971,0.9487994527130114,0.23753181700392118,0.23754067563003717,8.858626115992863e-06,0.0037294482178135426
0.9991912002588159,0.9990582217789395,0.9987570794898533,0.00016060729573338077,0.0001962130874129664,0.9616628922678745,0.9556141351729895,0.2371487777323588,0.2371779869434995,2.9209211140718283e-05,0.01231682972183951
0.9990243902439024,0.9988462013253394,0.9984940658849848,7.874630879329955e-05,9.810654370651095e-05,0.956260162601626,0.9484407660665054,0.23809434110453187,0.23809191700751514,-2.4240970167288545e-06,0.0010181245826689303
0.9991725963925203,0.9990040629983875,0.9987191460555442,0.00016018016913514196,0.00019621308741291088,0.9619394340559325,0.9547175990968876,0.23724829300636052,0.23727640073273185,2.8107726371323638e-05,0.01184738824256581
0.9993464052287582,0.9992208331681439,0.9989899133273015,0.00011562575606261015,0.00014715981555973867,0.9627450980392157,0.9558942926931434,0.23864435492996475,0.23866344523042435,1.909030045960103e-05,0.007999477073406359
0.9993396070662044,0.9992198761228369,0.9989798055566995,7.877775510601386e-05,9.810654370645544e-05,0.9618623080733036,0.9550873471793669,0.23872280862526613,0.23872039365538847,-2.4149698776565476e-06,0.0010116209220072615
0.9991804622193083,0.9990305341584058,0.9987362042012292,7.260915792852353e-05,9.810654370645544e-05,0.9577118505163088,0.9506822209908465,0.23781069283039785,0.23781913607076471,8.44324036686217e-06,0.003550404006805418
0.9988469774337012,0.998666670697982,0.9982280366736408,0.00010621084891929044,0.00014715981555968316,0.9604677977268984,0.9545670328689159,0.2384079413163948,0.23839459603034052,-1.3345286054289307e-05,0.005597668425221866
0.9990167158308751,0.9988597430804566,0.9984893491315429,0.00011481572151739317,0.00014715981555973867,0.9595214683710259,0.953503104169212,0.23813354422070326,0.23815199800471076,1.845378400749942e-05,0.007749342524544281
0.9993469387755102,0.9992305715633741,0.9989955179601389,0.00018442009247511193,0.00019621308741293864,0.9601632653061225,0.9538793045754134,0.2369072703353563,0.23694651011008402,3.923977472772289e-05,0.016563347622120948
0.9986824769433466,0.9984116804028308,0.9979556180227827,0.00015716597605679443,0.00019621308741291088,0.9624505928853755,0.9551119276535814,0.23858432968188562,0.2385800247546737,-4.304927211928877e-06,0.0018043629343422578
0.9986664444074013,0.9984033696709269,0.9979374918023121,0.00014584945010518452,0.0001962130874129664,0.958826471078513,0.9513939704576835,0.2373710203222494,0.23738930753514392,1.8287212894513294e-05,0.007704062976890354
0.9986874487284659,0.9984332967985948,0.9979753744747537,0.0002763271085073663,0.0002943196311193941,0.9547169811320755,0.9470643961448654,0.2388726908537759,0.2389333287184607,6.063786468479826e-05,0.02538501344296291
0.9983649444081099,0.9981039523839387,0.9974895835779033,0.000231243683754447,0.0002943196311193663,0.9633747547416612,0.9578993063533848,0.23708931394104987,0.23712861796252838,3.9304021478503426e-05,0.016577727956257032
0.998181216931217,0.9979466740016778,0.9972234036918864,0.00018698465830051304,0.0002452663592661386,0.9593253968253969,0.9542334787797083,0.23768699716667535,0.23771545659310664,2.8459426431287627e-05,0.011973488987843442
0.9991848712096512,0.9990233768413604,0.9987389128046814,7.278187514207229e-05,9.810654370645544e-05,0.962341049885882,0.9551268326546721,0.23904521015591426,0.23905379929526996,8.58913935569694e-06,0.0035931024721619735
0.9993422134517349,0.9992196641404968,0.9989846886846133,3.944121632231802e-05,4.905327185322772e-05,0.960697253741161,0.9538775397354842,0.2369634389061299,0.236962414279058,-1.0246270718827777e-06,0.0004323988023691161
0.9980366492146597,0.997718115652563,0.9969798586417039,0.00020224456195461847,0.0002452663592661386,0.9631871727748691,0.9572756856876832,0.23700588873001652,0.23696048234986156,-4.54063801549609e-05,0.019158334165563812
0.9988435486535602,0.9986137421861789,0.9982082712653032,0.00014472422968686598,0.00019621308741291088,0.9636543862547498,0.9565345014847891,0.23679208071397448,0.2367988896694379,6.808955463427635e-06,0.002875499654759273
0.9983678798759589,0.9980781879742918,0.9974879386615875,0.00020538920425836602,0.0002452663592661386,0.9616451770850335,0.955775467038642,0.23812008002260515,0.23815920173637864,3.912171377348783e-05,0.016429405604841865
0.9985542168674699,0.9983273037076593,0.9977755551196001,0.00021468788673893242,0.00029431963111942183,0.9553413654618473,0.9480089483618991,0.23790508588501963,0.23786851377952123,-3.657210549840029e-05,0.015372561440773785
0.9990208877284595,0.9988181967233234,0.9984834969550535,0.000206945126659618,0.0002452663592661941,0.9590404699738904,0.9509527202690576,0.23867035801987707,0.23870994071310128,3.9582693224210486e-05,0.016584670820711613
0.9986983403839896,0.998461599292695,0.9979906153793529,0.00017964247651017036,0.0002452663592661386,0.958997722095672,0.9520836376082671,0.23857401345734744,0.23859133522751325,1.7321770165806827e-05,0.007260543558279718
0.9986624310316,0.9984338163353149,0.9979419644114859,3.942353858367796e-05,4.905327185322772e-05,0.9573649891322521,0.9507776657930095,0.2371926156048129,0.23719166352357018,-9.520812427055159e-07,0.00040139581929134774
0.9983552631578947,0.9980231290143887,0.9974531400814006,0.0002603541586399007,0.00034337290297264955,0.9669407894736842,0.9605446937977176,0.23894584700082644,0.23898211961583823,3.627261501179535e-05,0.01518026593350664
0.9991871240448708,0.9990410642427023,0.9987470279854181,7.27809324577412e-05,9.810654370651095e-05,0.9652089091204682,0.9590778848566451,0.23788779717118633,0.23789668571890052,8.888547714192008e-06,0.0037364454250655506
0.9995169082125603,0.9994326973587923,0.9992554341616159,7.295678417955819e-05,9.810654370645544e-05,0.9610305958132045,0.9544863378258057,0.23872020518991774,0.23872937187350546,9.166683587719104e-06,0.003839927826983225
0.9993493819128172,0.999233334702354,0.9989934804200385,0.00017121249459835304,0.00019621308741293864,0.9608002602472349,0.953495131152926,0.23647623004014115,0.2364336133842709,-4.2616655870242326e-05,0.018021538935650436
0.9985170538803757,0.9982568070347556,0.9977158960396277,0.00027527289556209775,0.00034337290297264955,0.9639149777558083,0.9580850739312323,0.2405117579486202,0.24055902427895182,4.7266330331613426e-05,0.01965239900733285
0.9990306946688207,0.9988703642119848,0.9985085312494428,0.00014541282130886408,0.00019621308741291088,0.9591276252019386,0.9525623978814831,0.2382264451588911,0.2382427838342993,1.6338675408206216e-05,0.0068584641798725265
0.9986900278369084,0.9984781744140591,0.9979804276420492,0.00017682607894040558,0.0002452663592661386,0.9595546094645488,0.9528296362887931,0.2378859860389895,0.23786050154453034,-2.5484494459160345e-05,0.01071290279999236
0.9993554624556881,0.9992413129111505,0.9990043653270145,7.901942470252086e-05,9.810654370645544e-05,0.9645504350628424,0.9585172768778384,0.2376179480137647,0.23761606855014109,-1.879463623621902e-06,0.0007909602954373751
0.9981672775741419,0.9978607873221085,0.9971805046299691,0.0003027617240341612,0.00039242617482582176,0.9618460513162279,0.9559844654153462,0.2368923761021606,0.2369406014056159,4.8225303455301516e-05,0.020357473823684472
0.9988539620170268,0.9986628931905646,0.9982349128831915,0.00010593184596286928,0.00014715981555968316,0.9575965946299935,0.9506353874716237,0.2379593124054268,0.23794760754253477,-1.1704862892036871e-05,0.004918850526889459
0.998682693890993,0.9984127312618031,0.9979619793197783,0.00027772951919320974,0.00029431963111942183,0.9588341840935287,0.9511514578198383,0.24018740996522733,0.24024778796189625,6.037799666891441e-05,0.02513786908217026
0.998708427510494,0.9985119031200259,0.9980189831721112,0.00029674279564550826,0.00034337290297264955,0.9593154665805619,0.953596750349754,0.23857571600801938,0.2386350521531506,5.9336145131205775e-05,0.02487099111512727
0.9988665803108808,0.9986338182429512,0.9982433672608223,7.141314065977304e-05,9.810654370645544e-05,0.9609779792746114,0.9537443164978517,0.23779293410468316,0.23778088756595936,-1.2046538723803346e-05,0.005065978419064429
0.9980343980343981,0.9976702390903621,0.9969662489606421,0.00026090910600876625,0.00034337290297264955,0.9579033579033579,0.9502557213829094,0.2376398103086837,0.23767781233163796,3.800202295425881e-05,0.015991438010700246
0.998358233459202,0.9980640030942342,0.9974631891714537,0.0002273552214847192,0.0002943196311193663,0.9624035462157281,0.9555937263834938,0.24028282157788963,0.24023409035630333,-4.8731221586301166e-05,0.020280776322790326
0.9990407673860912,0.998852430912135,0.9985173753300499,0.00011540871886154222,0.00014715981555968316,0.9629096722621903,0.956393557898536,0.2382673682030481,0.2382863790233554,1.9010820307280296e-05,0.007978776301033191
0.9986798679867986,0.9984193627619891,0.9979628204649812,0.0003707085023623249,0.00039242617482587727,0.9584158415841584,0.9509063290132528,0.23741789666040686,0.23749896650031455,8.106983990768812e-05,0.0341464738118067
0.99853515625,0.998314479622572,0.9977531153399574,0.0002752919833968199,0.00034337290297264955,0.9606119791666666,0.954662867048362,0.2371778167461769,0.23722532859880135,4.751185262444335e-05,0.020032165434463716
0.9990087559887659,0.9988041787310692,0.9984653367153,0.0001162564231775431,0.00014715981555968316,0.9691062283165373,0.9632529904578607,0.2385917737459472,0.23861211949017144,2.0345744224242734e-05,0.00852742904954758
0.9990275526742302,0.9988485152594274,0.9984986487839055,7.895433907101152e-05,9.810654370651095e-05,0.9620745542949757,0.9557231544209163,0.23897971839481752,0.23897778323647118,-1.935158346344501e-06,0.0008097584009817239
0.9987002437043054,0.9984808693814896,0.9980002745358273,0.0002314056322283591,0.00029431963111942183,0.9623070674248578,0.95614218250109,0.23701548990223942,0.23705423606921183,3.8746166972414287e-05,0.016347525213814388
0.9985277277932275,0.9982942451383271,0.9977354737662022,0.0001833372129150808,0.0002452663592661941,0.9589399640111238,0.9526789013472778,0.23694687649540538,0.23695324650582683,6.3700104214470255e-06,0.0026883707080943716
0.999025974025974,0.9988683643106416,0.9985011015443683,0.00011866303521396827,0.00014715981555968316,0.9608766233766234,0.9546918681429587,0.23829014231616014,0.23828641105819573,-3.7312579644066535e-06,0.0015658465466255296
0.9991723224631683,0.999011417576252,0.9987228670018515,0.00023159545590860028,0.0002452663592661941,0.9640787949015064,0.9578628215309734,0.23785990191508974,0.23791036841170624,5.0466496616496936e-05,0.02121689961619183
0.998855648193559,0.9986420186028889,0.9982370865944596,0.0003237532131514587,0.00034337290297264955,0.9589668137976132,0.9523046020524407,0.2371242509231833,0.23719522635045792,7.097542727463324e-05,0.029931745487147925
0.9988507634214415,0.9986260873573222,0.9982226470457661,0.00018794960040685935,0.0002452663592661941,0.9647020193728452,0.9581695274732934,0.23759409313410945,0.23762255311788763,2.8459983778178488e-05,0.011978405440456094
0.9991881798993343,0.9990382731990444,0.9987478279114221,0.00016102499805204106,0.0001962130874129664,0.962493911349245,0.9561411172721045,0.2368371258923307,0.23686568148721024,2.8555594879547952e-05,0.012057060214676691
0.9983649444081099,0.9981008056331911,0.9974868531312614,0.00026003830976688833,0.00034337290297264955,0.960758665794637,0.9545950720014202,0.237244025853875,0.2372801035633847,3.6077709509696465e-05,0.015207004425020886
0.999162198391421,0.9990112065585047,0.9987088869294315,0.00016001493096434561,0.0001962130874129664,0.9596179624664879,0.9528605179230256,0.23894893906734463,0.2389780817643791,2.91426970344677e-05,0.012196202731937727
0.9985209531635169,0.9982548773739172,0.9977201123970226,7.149137243340956e-05,9.810654370651095e-05,0.9572719802793755,0.950031935260566,0.23870228109356204,0.23869021895164685,-1.206214191518118e-05,0.0050532160228721435
0.9991803278688525,0.9990509037420062,0.9987379843698744,0.00015745594259872583,0.00019621308741291088,0.9621311475409836,0.9561518581190969,0.23901075907082714,0.2389760946963047,-3.466437452243065e-05,0.014503269500164385
0.9984937238493724,0.9981815330902636,0.9976665447035794,0.00010779153691573859,0.00014715981555973867,0.958326359832636,0.9502322914797047,0.23672086262934508,0.2367286150224897,7.752393144627723e-06,0.0032749091307454105
0.9988408676933267,0.9986628541972346,0.9982189650456564,0.0001449539301606778,0.0001962130874129664,0.9610862725616824,0.9555087096495968,0.2375813960831769,0.237587972047215,6.575964038080251e-06,0.0027678783551629673
0.9991852696757373,0.9990410450634796,0.9987460458659929,0.00013831157736670605,0.00014715981555968316,0.9610558905002444,0.9548458211320979,0.23943458982607732,0.2394643151935846,2.972536750728283e-05,0.01241481756202185
0.9991755976916735,0.9990275863634318,0.998729856604266,0.0002304114709093828,0.00024526635926616636,0.9625721352019786,0.9563063088004262,0.24014818928949183,0.2401980189555671,4.98296660752795e-05,0.020749548944219293
0.9987119626469168,0.9984986137774388,0.9980145977888306,0.0001768692483725498,0.0002452663592661941,0.9584607953630655,0.9514891534305486,0.23996124252579848,0.23993516726410027,-2.6075261698205177e-05,0.01086644719111329
0.9991787122207622,0.9990390370934111,0.9987366852372,0.00015989374997129848,0.00019621308741291088,0.9615637319316689,0.9556456752298268,0.2389036146140688,0.23893312862278862,2.9514008719810914e-05,0.012353939795966929
0.9985260399606944,0.9982928775938205,0.9977339393975382,0.00018323376406810418,0.0002452663592661941,0.9595479855879463,0.9531668259462768,0.23706867787571767,0.23707541639270138,6.738516983711973e-06,0.002842432431012508
0.998678122934567,0.9984293991620655,0.9979572070831955,0.00017949838886257432,0.0002452663592661941,0.9659616655651024,0.9597700670235675,0.23620125541782658,0.2362182600117687,1.7004593942132606e-05,0.007199197105050287
0.9990328820116054,0.9988622107965689,0.9985104792252187,0.00011541909088942771,0.00014715981555968316,0.9597034171502257,0.9531053889368629,0.2380077178733693,0.23802710316145223,1.9385288082929275e-05,0.008144814906062463
0.9980314960629921,0.9976470897630665,0.9969563735643703,0.0002602425236932405,0.00034337290297264955,0.9573490813648294,0.9492659943668476,0.23702893378807707,0.2370660567413005,3.712295322341741e-05,0.015661781298231005
0.9991838067254326,0.999048561786882,0.9987438348249833,0.00010780050161173756,0.00014715981555968316,0.9609859614756774,0.9547807950178716,0.24007430039187133,0.24008189793198623,7.597540114895329e-06,0.0031646619827669707
0.9983227104998322,0.9980287350167979,0.9974150693996635,0.00026003974378857245,0.00034337290297259404,0.9607514256960752,0.9545746167147673,0.23701666722175666,0.2370544100723026,3.7742850545946505e-05,0.015924133517004387
